SubjID,Referentiality,Gender_Status,Group,Anteriority,Baseline,Critical,diff_score
202,NonReferential,Gendered,Binary,Central,-0.24950000000000003,-2.02575,-1.7762499999999999
202,NonReferential,Gendered,Binary,CentroParietal,0.08,-2.2255000000000003,-2.3055000000000003
202,NonReferential,Gendered,Binary,Frontal,0.7835,-1.13375,-1.9172500000000001
202,NonReferential,Gendered,Binary,FrontoCentral,0.11050000000000001,-1.6444999999999999,-1.755
202,NonReferential,Gendered,Binary,Parietal,0.14875,-1.772,-1.92075
202,NonReferential,NonGendered,Binary,Central,-2.6225,-2.4025,0.2200000000000002
202,NonReferential,NonGendered,Binary,CentroParietal,-1.81175,-1.54725,0.26449999999999996
202,NonReferential,NonGendered,Binary,Frontal,-2.83575,-1.90425,0.9315
202,NonReferential,NonGendered,Binary,FrontoCentral,-2.798,-2.1270000000000002,0.6709999999999998
202,NonReferential,NonGendered,Binary,Parietal,-1.496,-1.18375,0.3122499999999999
202,Referential,Gendered,Binary,Central,0.85675,0.26850000000000007,-0.5882499999999999
202,Referential,Gendered,Binary,CentroParietal,0.83425,0.805,-0.029249999999999998
202,Referential,Gendered,Binary,Frontal,0.303,0.2785,-0.024499999999999966
202,Referential,Gendered,Binary,FrontoCentral,0.03475,-0.202,-0.23675000000000002
202,Referential,Gendered,Binary,Parietal,1.56,1.57625,0.016249999999999876
202,Referential,NonGendered,Binary,Central,-1.38325,-1.53675,-0.15349999999999997
202,Referential,NonGendered,Binary,CentroParietal,-0.7535,-1.00775,-0.25425
202,Referential,NonGendered,Binary,Frontal,-0.36275,-1.329,-0.9662499999999999
202,Referential,NonGendered,Binary,FrontoCentral,-1.199,-1.6755,-0.4764999999999999
202,Referential,NonGendered,Binary,Parietal,-0.08900000000000002,-0.50075,-0.41175
203,NonReferential,Gendered,Binary,Central,-0.8225,1.4465,2.269
203,NonReferential,Gendered,Binary,CentroParietal,-1.1335,2.4775,3.6109999999999998
203,NonReferential,Gendered,Binary,Frontal,-0.5605,0.75875,1.31925
203,NonReferential,Gendered,Binary,FrontoCentral,-0.7575000000000001,0.80075,1.5582500000000001
203,NonReferential,Gendered,Binary,Parietal,0.09125000000000003,2.19175,2.1005
203,NonReferential,NonGendered,Binary,Central,-0.6405,-1.178,-0.5375
203,NonReferential,NonGendered,Binary,CentroParietal,0.6387499999999999,-1.7165000000000001,-2.35525
203,NonReferential,NonGendered,Binary,Frontal,-0.99875,-1.47925,-0.4804999999999999
203,NonReferential,NonGendered,Binary,FrontoCentral,-1.0955000000000001,-1.64975,-0.5542499999999999
203,NonReferential,NonGendered,Binary,Parietal,0.39725,-0.78575,-1.1829999999999998
203,Referential,Gendered,Binary,Central,2.4075,-0.7995,-3.2070000000000003
203,Referential,Gendered,Binary,CentroParietal,2.7265,-0.39149999999999996,-3.1180000000000003
203,Referential,Gendered,Binary,Frontal,2.5685,-0.91525,-3.4837499999999997
203,Referential,Gendered,Binary,FrontoCentral,2.5095,-1.37475,-3.8842499999999998
203,Referential,Gendered,Binary,Parietal,1.1764999999999999,-0.30224999999999996,-1.4787499999999998
203,Referential,NonGendered,Binary,Central,-0.1935,-3.5300000000000002,-3.3365
203,Referential,NonGendered,Binary,CentroParietal,-0.15674999999999994,-2.6785,-2.52175
203,Referential,NonGendered,Binary,Frontal,-0.66875,-2.2952500000000002,-1.6265000000000003
203,Referential,NonGendered,Binary,FrontoCentral,-0.4475,-3.192,-2.7445000000000004
203,Referential,NonGendered,Binary,Parietal,0.224,-2.8165,-3.0405
204,NonReferential,Gendered,Binary,Central,2.6955,0.88675,-1.8087499999999999
204,NonReferential,Gendered,Binary,CentroParietal,3.871,1.41375,-2.45725
204,NonReferential,Gendered,Binary,Frontal,0.0059999999999999915,0.26775000000000004,0.26175000000000004
204,NonReferential,Gendered,Binary,FrontoCentral,1.2375,0.575,-0.6625000000000001
204,NonReferential,Gendered,Binary,Parietal,5.0767500000000005,1.85975,-3.2170000000000005
204,NonReferential,NonGendered,Binary,Central,0.19175,-1.174,-1.36575
204,NonReferential,NonGendered,Binary,CentroParietal,0.602,-0.99775,-1.59975
204,NonReferential,NonGendered,Binary,Frontal,-0.36774999999999997,-1.75775,-1.39
204,NonReferential,NonGendered,Binary,FrontoCentral,0.10500000000000004,-1.79775,-1.90275
204,NonReferential,NonGendered,Binary,Parietal,0.769,-0.33775,-1.10675
204,Referential,Gendered,Binary,Central,-0.5307499999999999,2.7035,3.23425
204,Referential,Gendered,Binary,CentroParietal,-0.5065,1.9669999999999999,2.4734999999999996
204,Referential,Gendered,Binary,Frontal,-0.09724999999999995,4.11275,4.21
204,Referential,Gendered,Binary,FrontoCentral,-0.3705,3.19275,3.56325
204,Referential,Gendered,Binary,Parietal,-1.0927499999999999,1.81575,2.9085
204,Referential,NonGendered,Binary,Central,4.541,0.6910000000000001,-3.8500000000000005
204,Referential,NonGendered,Binary,CentroParietal,3.999,1.11575,-2.8832500000000003
204,Referential,NonGendered,Binary,Frontal,5.9565,1.05275,-4.9037500000000005
204,Referential,NonGendered,Binary,FrontoCentral,5.2547500000000005,0.9245,-4.33025
204,Referential,NonGendered,Binary,Parietal,3.8122499999999997,1.01125,-2.8009999999999997
205,NonReferential,Gendered,Binary,Central,-0.5515,2.1205,2.6719999999999997
205,NonReferential,Gendered,Binary,CentroParietal,0.31675000000000003,2.28925,1.9725
205,NonReferential,Gendered,Binary,Frontal,-0.85475,2.504,3.35875
205,NonReferential,Gendered,Binary,FrontoCentral,-0.94475,1.97125,2.916
205,NonReferential,Gendered,Binary,Parietal,0.5177499999999999,2.21675,1.6990000000000003
205,NonReferential,NonGendered,Binary,Central,-3.3619999999999997,0.4645,3.8265
205,NonReferential,NonGendered,Binary,CentroParietal,-2.5015,1.0035,3.505
205,NonReferential,NonGendered,Binary,Frontal,-3.949,0.82175,4.77075
205,NonReferential,NonGendered,Binary,FrontoCentral,-4.1245,0.31325000000000003,4.43775
205,NonReferential,NonGendered,Binary,Parietal,-1.3960000000000001,1.3355,2.7315
205,Referential,Gendered,Binary,Central,1.5545,2.849,1.2945000000000002
205,Referential,Gendered,Binary,CentroParietal,1.547,3.64425,2.09725
205,Referential,Gendered,Binary,Frontal,1.2355,0.8095,-0.42600000000000005
205,Referential,Gendered,Binary,FrontoCentral,1.46175,2.463,1.00125
205,Referential,Gendered,Binary,Parietal,2.25475,3.40875,1.154
205,Referential,NonGendered,Binary,Central,-0.74325,0.18724999999999997,0.9304999999999999
205,Referential,NonGendered,Binary,CentroParietal,-0.42700000000000005,-0.19849999999999998,0.22850000000000006
205,Referential,NonGendered,Binary,Frontal,-1.112,2.942,4.054
205,Referential,NonGendered,Binary,FrontoCentral,-1.238,0.469,1.7069999999999999
205,Referential,NonGendered,Binary,Parietal,-0.59125,0.36550000000000005,0.9567500000000001
207,NonReferential,Gendered,Binary,Central,1.86975,2.607,0.7372500000000002
207,NonReferential,Gendered,Binary,CentroParietal,2.1865,3.2302500000000003,1.0437500000000002
207,NonReferential,Gendered,Binary,Frontal,1.35775,3.02275,1.6649999999999998
207,NonReferential,Gendered,Binary,FrontoCentral,2.01175,2.3715,0.35975
207,NonReferential,Gendered,Binary,Parietal,2.21775,3.437,1.2192499999999997
207,NonReferential,NonGendered,Binary,Central,0.96675,3.23075,2.2640000000000002
207,NonReferential,NonGendered,Binary,CentroParietal,1.15725,2.9715,1.81425
207,NonReferential,NonGendered,Binary,Frontal,1.9264999999999999,3.012,1.0855000000000001
207,NonReferential,NonGendered,Binary,FrontoCentral,1.29925,3.40175,2.1025
207,NonReferential,NonGendered,Binary,Parietal,1.1019999999999999,3.041,1.939
207,Referential,Gendered,Binary,Central,1.236,-0.292,-1.528
207,Referential,Gendered,Binary,CentroParietal,1.67275,-0.34975,-2.0225
207,Referential,Gendered,Binary,Frontal,1.7269999999999999,0.258,-1.4689999999999999
207,Referential,Gendered,Binary,FrontoCentral,1.22525,-0.40025,-1.6255
207,Referential,Gendered,Binary,Parietal,1.47,0.1615,-1.3085
207,Referential,NonGendered,Binary,Central,-1.4572500000000002,3.03575,4.493
207,Referential,NonGendered,Binary,CentroParietal,-0.8294999999999999,2.489,3.3185
207,Referential,NonGendered,Binary,Frontal,-1.38625,3.36775,4.754
207,Referential,NonGendered,Binary,FrontoCentral,-0.8550000000000001,3.2335000000000003,4.088500000000001
207,Referential,NonGendered,Binary,Parietal,-0.6285,2.2175000000000002,2.846
209,NonReferential,Gendered,Binary,Central,1.03875,1.027,-0.01175000000000015
209,NonReferential,Gendered,Binary,CentroParietal,1.02175,0.979,-0.042749999999999955
209,NonReferential,Gendered,Binary,Frontal,1.18025,0.42600000000000005,-0.75425
209,NonReferential,Gendered,Binary,FrontoCentral,1.9680000000000002,1.2280000000000002,-0.74
209,NonReferential,Gendered,Binary,Parietal,1.6007500000000001,1.10925,-0.49150000000000005
209,NonReferential,NonGendered,Binary,Central,0.0027499999999999747,1.3247499999999999,1.3219999999999998
209,NonReferential,NonGendered,Binary,CentroParietal,0.16249999999999998,0.46149999999999997,0.299
209,NonReferential,NonGendered,Binary,Frontal,0.49400000000000005,4.545,4.051
209,NonReferential,NonGendered,Binary,FrontoCentral,0.13750000000000004,2.72875,2.5912499999999996
209,NonReferential,NonGendered,Binary,Parietal,0.96075,-0.47350000000000003,-1.43425
209,Referential,Gendered,Binary,Central,-0.08400000000000002,0.936,1.02
209,Referential,Gendered,Binary,CentroParietal,0.015500000000000014,0.9895,0.974
209,Referential,Gendered,Binary,Frontal,-0.49049999999999994,0.32499999999999996,0.8154999999999999
209,Referential,Gendered,Binary,FrontoCentral,-0.53675,0.5819999999999999,1.11875
209,Referential,Gendered,Binary,Parietal,0.09325000000000001,0.69875,0.6054999999999999
209,Referential,NonGendered,Binary,Central,1.488,3.0795000000000003,1.5915000000000004
209,Referential,NonGendered,Binary,CentroParietal,1.06925,3.49225,2.423
209,Referential,NonGendered,Binary,Frontal,3.16825,2.33975,-0.8285
209,Referential,NonGendered,Binary,FrontoCentral,1.88975,3.08975,1.2
209,Referential,NonGendered,Binary,Parietal,0.44625000000000004,3.12275,2.6765
211,NonReferential,Gendered,Binary,Central,0.67275,0.27025,-0.40249999999999997
211,NonReferential,Gendered,Binary,CentroParietal,0.52225,0.07975,-0.4425
211,NonReferential,Gendered,Binary,Frontal,0.89525,0.49025,-0.40499999999999997
211,NonReferential,Gendered,Binary,FrontoCentral,1.02325,0.54425,-0.479
211,NonReferential,Gendered,Binary,Parietal,0.6795,-0.3395,-1.0190000000000001
211,NonReferential,NonGendered,Binary,Central,0.32799999999999996,1.99275,1.6647500000000002
211,NonReferential,NonGendered,Binary,CentroParietal,0.12425000000000003,1.948,1.82375
211,NonReferential,NonGendered,Binary,Frontal,0.23375,2.383,2.14925
211,NonReferential,NonGendered,Binary,FrontoCentral,0.55725,2.45975,1.9025
211,NonReferential,NonGendered,Binary,Parietal,0.32800000000000007,1.958,1.63
211,Referential,Gendered,Binary,Central,-0.62175,0.325,0.94675
211,Referential,Gendered,Binary,CentroParietal,0.47525,0.37975,-0.09550000000000003
211,Referential,Gendered,Binary,Frontal,-1.1935,0.89225,2.08575
211,Referential,Gendered,Binary,FrontoCentral,-0.81375,0.57575,1.3895
211,Referential,Gendered,Binary,Parietal,0.16574999999999998,0.09875,-0.06699999999999998
211,Referential,NonGendered,Binary,Central,1.69475,0.12149999999999998,-1.57325
211,Referential,NonGendered,Binary,CentroParietal,1.79075,-0.19524999999999998,-1.986
211,Referential,NonGendered,Binary,Frontal,1.9725,0.4135,-1.559
211,Referential,NonGendered,Binary,FrontoCentral,2.07875,0.252,-1.8267499999999999
211,Referential,NonGendered,Binary,Parietal,1.342,-0.45125000000000004,-1.79325
212,NonReferential,Gendered,Binary,Central,0.66975,-1.1167500000000001,-1.7865000000000002
212,NonReferential,Gendered,Binary,CentroParietal,1.01175,-1.16875,-2.1805
212,NonReferential,Gendered,Binary,Frontal,0.02149999999999999,0.41250000000000003,0.391
212,NonReferential,Gendered,Binary,FrontoCentral,0.38475000000000004,-0.53625,-0.921
212,NonReferential,Gendered,Binary,Parietal,0.96325,-1.20375,-2.1670000000000003
212,NonReferential,NonGendered,Binary,Central,0.50525,0.1305,-0.37474999999999997
212,NonReferential,NonGendered,Binary,CentroParietal,0.509,0.3105,-0.1985
212,NonReferential,NonGendered,Binary,Frontal,-0.06224999999999997,-0.25675000000000003,-0.19450000000000006
212,NonReferential,NonGendered,Binary,FrontoCentral,0.04674999999999999,-0.08225000000000002,-0.129
212,NonReferential,NonGendered,Binary,Parietal,0.259,0.40049999999999997,0.14149999999999996
212,Referential,Gendered,Binary,Central,-2.57525,-0.25175,2.3235
212,Referential,Gendered,Binary,CentroParietal,-2.47975,0.49724999999999997,2.9770000000000003
212,Referential,Gendered,Binary,Frontal,-2.9305,-0.9717500000000001,1.9587499999999998
212,Referential,Gendered,Binary,FrontoCentral,-2.61975,-0.6495000000000001,1.9702499999999996
212,Referential,Gendered,Binary,Parietal,-2.2199999999999998,1.18375,3.4037499999999996
212,Referential,NonGendered,Binary,Central,-2.614,-1.453,1.1609999999999998
212,Referential,NonGendered,Binary,CentroParietal,-2.08025,-1.19875,0.8815
212,Referential,NonGendered,Binary,Frontal,-3.54375,-2.941,0.6027500000000003
212,Referential,NonGendered,Binary,FrontoCentral,-3.06525,-2.1445,0.92075
212,Referential,NonGendered,Binary,Parietal,-1.72475,-1.0855,0.6392500000000001
213,NonReferential,Gendered,Binary,Central,0.7957500000000001,2.338,1.5422500000000001
213,NonReferential,Gendered,Binary,CentroParietal,0.86875,2.8994999999999997,2.03075
213,NonReferential,Gendered,Binary,Frontal,-1.5245,1.62975,3.15425
213,NonReferential,Gendered,Binary,FrontoCentral,-0.62375,2.11275,2.7365000000000004
213,NonReferential,Gendered,Binary,Parietal,1.15275,2.92725,1.7745
213,NonReferential,NonGendered,Binary,Central,1.27275,0.22375,-1.049
213,NonReferential,NonGendered,Binary,CentroParietal,1.895,0.9025,-0.9925
213,NonReferential,NonGendered,Binary,Frontal,-0.45849999999999996,-0.16974999999999996,0.28875
213,NonReferential,NonGendered,Binary,FrontoCentral,0.20924999999999996,-0.04974999999999999,-0.25899999999999995
213,NonReferential,NonGendered,Binary,Parietal,2.3089999999999997,1.54625,-0.7627499999999998
213,Referential,Gendered,Binary,Central,0.21525,-0.939,-1.15425
213,Referential,Gendered,Binary,CentroParietal,1.414,-0.24800000000000005,-1.662
213,Referential,Gendered,Binary,Frontal,0.0575,-1.96625,-2.02375
213,Referential,Gendered,Binary,FrontoCentral,-0.24,-1.60375,-1.36375
213,Referential,Gendered,Binary,Parietal,1.856,0.8005000000000001,-1.0554999999999999
213,Referential,NonGendered,Binary,Central,-1.83325,0.13599999999999995,1.96925
213,Referential,NonGendered,Binary,CentroParietal,-1.26175,-0.24325000000000002,1.0185
213,Referential,NonGendered,Binary,Frontal,-3.19625,0.58075,3.777
213,Referential,NonGendered,Binary,FrontoCentral,-2.40075,0.29175,2.6925
213,Referential,NonGendered,Binary,Parietal,-0.055499999999999994,-0.3154999999999999,-0.2599999999999999
214,NonReferential,Gendered,Binary,Central,1.11725,-1.5539999999999998,-2.6712499999999997
214,NonReferential,Gendered,Binary,CentroParietal,1.3815,-1.7755,-3.157
214,NonReferential,Gendered,Binary,Frontal,0.20850000000000002,-0.99375,-1.20225
214,NonReferential,Gendered,Binary,FrontoCentral,0.945,-1.379,-2.324
214,NonReferential,Gendered,Binary,Parietal,1.1785,-2.29425,-3.47275
214,NonReferential,NonGendered,Binary,Central,2.282,0.346,-1.936
214,NonReferential,NonGendered,Binary,CentroParietal,3.698,1.2905,-2.4074999999999998
214,NonReferential,NonGendered,Binary,Frontal,0.41999999999999993,5.000000000000004e-4,-0.41949999999999993
214,NonReferential,NonGendered,Binary,FrontoCentral,1.6485,0.15075,-1.4977500000000001
214,NonReferential,NonGendered,Binary,Parietal,4.0465,1.58425,-2.46225
214,Referential,Gendered,Binary,Central,0.5372499999999999,-1.32025,-1.8575
214,Referential,Gendered,Binary,CentroParietal,1.1895,-0.841,-2.0305
214,Referential,Gendered,Binary,Frontal,-0.10725000000000001,-1.2954999999999999,-1.1882499999999998
214,Referential,Gendered,Binary,FrontoCentral,-0.05750000000000002,-1.1265,-1.069
214,Referential,Gendered,Binary,Parietal,1.4772500000000002,-0.568,-2.0452500000000002
214,Referential,NonGendered,Binary,Central,-2.414,-1.08525,1.32875
214,Referential,NonGendered,Binary,CentroParietal,-1.41675,-0.7192500000000001,0.6974999999999999
214,Referential,NonGendered,Binary,Frontal,-3.0305,-1.563,1.4675
214,Referential,NonGendered,Binary,FrontoCentral,-2.831,-1.80625,1.02475
214,Referential,NonGendered,Binary,Parietal,-0.32575000000000004,-0.34525,-0.019499999999999962
215,NonReferential,Gendered,Binary,Central,-0.036250000000000025,-1.7145000000000001,-1.67825
215,NonReferential,Gendered,Binary,CentroParietal,-0.31975,-1.08725,-0.7675000000000001
215,NonReferential,Gendered,Binary,Frontal,-0.44,-3.36,-2.92
215,NonReferential,Gendered,Binary,FrontoCentral,-0.10250000000000005,-2.4162500000000002,-2.31375
215,NonReferential,Gendered,Binary,Parietal,-0.59875,-0.39175000000000004,0.20699999999999996
215,NonReferential,NonGendered,Binary,Central,-2.44075,-4.55525,-2.1145
215,NonReferential,NonGendered,Binary,CentroParietal,-2.61125,-3.19675,-0.5855000000000001
215,NonReferential,NonGendered,Binary,Frontal,-1.40675,-5.4342500000000005,-4.027500000000001
215,NonReferential,NonGendered,Binary,FrontoCentral,-2.0145,-5.309,-3.2945
215,NonReferential,NonGendered,Binary,Parietal,-2.11975,-2.03225,0.08749999999999991
215,Referential,Gendered,Binary,Central,-1.8664999999999998,-0.93675,0.9297499999999999
215,Referential,Gendered,Binary,CentroParietal,-1.2755,-0.57375,0.7017500000000001
215,Referential,Gendered,Binary,Frontal,-2.70575,-1.77775,0.9280000000000002
215,Referential,Gendered,Binary,FrontoCentral,-2.20775,-1.277,0.93075
215,Referential,Gendered,Binary,Parietal,-0.72125,-0.56325,0.15799999999999992
215,Referential,NonGendered,Binary,Central,-0.08500000000000005,-3.1552499999999997,-3.0702499999999997
215,Referential,NonGendered,Binary,CentroParietal,0.791,-2.71875,-3.50975
215,Referential,NonGendered,Binary,Frontal,-2.08675,-2.7127499999999998,-0.6259999999999999
215,Referential,NonGendered,Binary,FrontoCentral,-1.33,-3.0885,-1.7584999999999997
215,Referential,NonGendered,Binary,Parietal,1.04925,-1.8989999999999998,-2.94825
216,NonReferential,Gendered,Binary,Central,0.9602499999999999,0.45799999999999996,-0.50225
216,NonReferential,Gendered,Binary,CentroParietal,0.81725,1.04925,0.23199999999999998
216,NonReferential,Gendered,Binary,Frontal,1.5085,-0.63575,-2.14425
216,NonReferential,Gendered,Binary,FrontoCentral,1.073,0.02675000000000001,-1.04625
216,NonReferential,Gendered,Binary,Parietal,0.11875000000000002,1.13675,1.0179999999999998
216,NonReferential,NonGendered,Binary,Central,1.361,-0.5014999999999998,-1.8624999999999998
216,NonReferential,NonGendered,Binary,CentroParietal,1.09875,-0.09300000000000003,-1.1917499999999999
216,NonReferential,NonGendered,Binary,Frontal,2.0717499999999998,-0.6905,-2.76225
216,NonReferential,NonGendered,Binary,FrontoCentral,1.58325,-0.96675,-2.55
216,NonReferential,NonGendered,Binary,Parietal,0.905,0.17425000000000007,-0.73075
216,Referential,Gendered,Binary,Central,-0.25325000000000003,0.015249999999999986,0.2685
216,Referential,Gendered,Binary,CentroParietal,-0.094,0.05500000000000005,0.14900000000000005
216,Referential,Gendered,Binary,Frontal,1.01925,0.2835,-0.73575
216,Referential,Gendered,Binary,FrontoCentral,0.226,0.15174999999999994,-0.07425000000000007
216,Referential,Gendered,Binary,Parietal,-1.05625,-0.10099999999999995,0.9552499999999999
216,Referential,NonGendered,Binary,Central,0.32524999999999993,0.08799999999999997,-0.23724999999999996
216,Referential,NonGendered,Binary,CentroParietal,0.6795,-0.11475,-0.79425
216,Referential,NonGendered,Binary,Frontal,0.8015000000000001,1.027,0.2254999999999998
216,Referential,NonGendered,Binary,FrontoCentral,0.54125,0.572,0.030749999999999944
216,Referential,NonGendered,Binary,Parietal,0.353,0.15499999999999994,-0.19800000000000004
217,NonReferential,Gendered,Binary,Central,0.81625,-0.40625,-1.2225000000000001
217,NonReferential,Gendered,Binary,CentroParietal,0.6,-0.43299999999999994,-1.033
217,NonReferential,Gendered,Binary,Frontal,1.1195,-0.5865,-1.706
217,NonReferential,Gendered,Binary,FrontoCentral,0.762,-0.71475,-1.47675
217,NonReferential,Gendered,Binary,Parietal,0.9217500000000001,-0.7797499999999999,-1.7015
217,NonReferential,NonGendered,Binary,Central,1.03,-0.30375,-1.33375
217,NonReferential,NonGendered,Binary,CentroParietal,1.4589999999999999,-0.018250000000000016,-1.47725
217,NonReferential,NonGendered,Binary,Frontal,0.52425,1.21225,0.6880000000000001
217,NonReferential,NonGendered,Binary,FrontoCentral,0.72575,0.08725,-0.6385000000000001
217,NonReferential,NonGendered,Binary,Parietal,0.98325,0.2525,-0.73075
217,Referential,Gendered,Binary,Central,-0.07550000000000001,0.38349999999999995,0.45899999999999996
217,Referential,Gendered,Binary,CentroParietal,-0.39799999999999996,0.87675,1.27475
217,Referential,Gendered,Binary,Frontal,-0.0017499999999999807,1.65025,1.652
217,Referential,Gendered,Binary,FrontoCentral,0.1355,0.77625,0.6407499999999999
217,Referential,Gendered,Binary,Parietal,-0.654,0.7627499999999999,1.41675
217,Referential,NonGendered,Binary,Central,-0.1625,-0.38375000000000004,-0.22125000000000003
217,Referential,NonGendered,Binary,CentroParietal,-0.05425,-0.23875000000000002,-0.18450000000000003
217,Referential,NonGendered,Binary,Frontal,0.35324999999999995,-0.35325,-0.7064999999999999
217,Referential,NonGendered,Binary,FrontoCentral,0.33925,-0.549,-0.88825
217,Referential,NonGendered,Binary,Parietal,0.73775,0.16399999999999998,-0.57375
218,NonReferential,Gendered,Binary,Central,-1.603,1.5985,3.2015000000000002
218,NonReferential,Gendered,Binary,CentroParietal,-1.2062499999999998,2.15475,3.3609999999999998
218,NonReferential,Gendered,Binary,Frontal,-0.57925,0.465,1.0442500000000001
218,NonReferential,Gendered,Binary,FrontoCentral,-1.40475,1.15425,2.559
218,NonReferential,Gendered,Binary,Parietal,-1.506,2.526,4.032
218,NonReferential,NonGendered,Binary,Central,-0.2165,1.67675,1.8932499999999999
218,NonReferential,NonGendered,Binary,CentroParietal,0.03600000000000001,2.32425,2.28825
218,NonReferential,NonGendered,Binary,Frontal,-0.40549999999999997,1.1280000000000001,1.5335
218,NonReferential,NonGendered,Binary,FrontoCentral,-0.437,1.40125,1.8382500000000002
218,NonReferential,NonGendered,Binary,Parietal,0.1735,2.38375,2.2102500000000003
218,Referential,Gendered,Binary,Central,-0.8755,1.457,2.3325
218,Referential,Gendered,Binary,CentroParietal,-1.0942500000000002,0.84825,1.9425000000000001
218,Referential,Gendered,Binary,Frontal,-0.3585,2.02675,2.3852499999999996
218,Referential,Gendered,Binary,FrontoCentral,-0.51675,2.143,2.65975
218,Referential,Gendered,Binary,Parietal,-1.09825,0.9517500000000001,2.05
218,Referential,NonGendered,Binary,Central,0.19725,3.2752499999999998,3.078
218,Referential,NonGendered,Binary,CentroParietal,0.19274999999999998,3.4509999999999996,3.2582499999999994
218,Referential,NonGendered,Binary,Frontal,1.0795000000000001,2.4427499999999998,1.3632499999999996
218,Referential,NonGendered,Binary,FrontoCentral,0.54625,2.753,2.20675
218,Referential,NonGendered,Binary,Parietal,0.10424999999999998,3.5302499999999997,3.4259999999999997
219,NonReferential,Gendered,Binary,Central,2.432,2.46,0.028000000000000025
219,NonReferential,Gendered,Binary,CentroParietal,2.66425,1.36025,-1.304
219,NonReferential,Gendered,Binary,Frontal,0.86775,2.965,2.09725
219,NonReferential,Gendered,Binary,FrontoCentral,1.727,2.8682499999999997,1.1412499999999997
219,NonReferential,Gendered,Binary,Parietal,2.307,0.8570000000000001,-1.4499999999999997
219,NonReferential,NonGendered,Binary,Central,3.2535,4.392,1.1385000000000005
219,NonReferential,NonGendered,Binary,CentroParietal,2.202,3.6715,1.4695
219,NonReferential,NonGendered,Binary,Frontal,4.04175,4.243,0.20124999999999993
219,NonReferential,NonGendered,Binary,FrontoCentral,4.124750000000001,4.482,0.3572499999999996
219,NonReferential,NonGendered,Binary,Parietal,1.42225,3.202,1.77975
219,Referential,Gendered,Binary,Central,4.09925,2.65175,-1.4474999999999998
219,Referential,Gendered,Binary,CentroParietal,3.9642500000000003,2.22025,-1.7440000000000002
219,Referential,Gendered,Binary,Frontal,3.476,2.83075,-0.6452499999999999
219,Referential,Gendered,Binary,FrontoCentral,3.92675,2.89075,-1.036
219,Referential,Gendered,Binary,Parietal,3.9225,2.271,-1.6515
219,Referential,NonGendered,Binary,Central,3.692,2.05425,-1.63775
219,Referential,NonGendered,Binary,CentroParietal,3.13125,2.3105,-0.8207499999999999
219,Referential,NonGendered,Binary,Frontal,4.69625,1.7790000000000001,-2.91725
219,Referential,NonGendered,Binary,FrontoCentral,4.50725,2.02775,-2.4795
219,Referential,NonGendered,Binary,Parietal,2.339,2.762,0.42300000000000004
220,NonReferential,Gendered,Binary,Central,0.93575,0.2245,-0.7112499999999999
220,NonReferential,Gendered,Binary,CentroParietal,1.61375,0.33925000000000005,-1.2745
220,NonReferential,Gendered,Binary,Frontal,-1.08725,-0.45199999999999996,0.6352500000000001
220,NonReferential,Gendered,Binary,FrontoCentral,0.10874999999999996,-0.137,-0.24574999999999997
220,NonReferential,Gendered,Binary,Parietal,1.868,0.14325000000000002,-1.72475
220,NonReferential,NonGendered,Binary,Central,0.986,0.791,-0.19499999999999995
220,NonReferential,NonGendered,Binary,CentroParietal,0.7484999999999999,0.7455,-0.0029999999999998916
220,NonReferential,NonGendered,Binary,Frontal,1.08725,0.434,-0.6532500000000001
220,NonReferential,NonGendered,Binary,FrontoCentral,0.85425,0.43224999999999997,-0.422
220,NonReferential,NonGendered,Binary,Parietal,0.99875,0.9365,-0.06225000000000003
220,Referential,Gendered,Binary,Central,2.2105,1.683,-0.5275000000000001
220,Referential,Gendered,Binary,CentroParietal,2.415,1.7502499999999999,-0.6647500000000002
220,Referential,Gendered,Binary,Frontal,2.86475,1.656,-1.20875
220,Referential,Gendered,Binary,FrontoCentral,2.4785,1.9412500000000001,-0.5372499999999998
220,Referential,Gendered,Binary,Parietal,2.028,2.043,0.015000000000000124
220,Referential,NonGendered,Binary,Central,2.04025,-0.4115,-2.4517499999999997
220,Referential,NonGendered,Binary,CentroParietal,1.779,-0.2105,-1.9894999999999998
220,Referential,NonGendered,Binary,Frontal,2.971,-0.72275,-3.69375
220,Referential,NonGendered,Binary,FrontoCentral,2.9154999999999998,-1.082,-3.9974999999999996
220,Referential,NonGendered,Binary,Parietal,1.52225,-0.30574999999999997,-1.828
221,NonReferential,Gendered,Binary,Central,-0.2725000000000001,0.80425,1.07675
221,NonReferential,Gendered,Binary,CentroParietal,0.51075,0.66225,0.15149999999999997
221,NonReferential,Gendered,Binary,Frontal,-0.4665000000000001,1.4000000000000001,1.8665000000000003
221,NonReferential,Gendered,Binary,FrontoCentral,-0.3515000000000001,1.00725,1.3587500000000001
221,NonReferential,Gendered,Binary,Parietal,1.1335,0.51575,-0.6177499999999999
221,NonReferential,NonGendered,Binary,Central,0.18050000000000002,3.2800000000000002,3.0995000000000004
221,NonReferential,NonGendered,Binary,CentroParietal,0.5405,3.15225,2.61175
221,NonReferential,NonGendered,Binary,Frontal,-0.6712499999999999,3.617,4.28825
221,NonReferential,NonGendered,Binary,FrontoCentral,-0.55225,3.359,3.91125
221,NonReferential,NonGendered,Binary,Parietal,0.844,3.38925,2.5452500000000002
221,Referential,Gendered,Binary,Central,-0.09350000000000003,-0.027500000000000024,0.066
221,Referential,Gendered,Binary,CentroParietal,0.04125000000000004,0.13074999999999992,0.08949999999999989
221,Referential,Gendered,Binary,Frontal,-0.44999999999999996,-1.413,-0.9630000000000001
221,Referential,Gendered,Binary,FrontoCentral,-0.20100000000000007,-0.7635,-0.5624999999999999
221,Referential,Gendered,Binary,Parietal,0.9684999999999999,0.4205,-0.5479999999999999
221,Referential,NonGendered,Binary,Central,-0.91125,0.698,1.6092499999999998
221,Referential,NonGendered,Binary,CentroParietal,-1.6965,0.33775,2.03425
221,Referential,NonGendered,Binary,Frontal,0.34750000000000003,1.71,1.3624999999999998
221,Referential,NonGendered,Binary,FrontoCentral,-0.36574999999999996,0.9107500000000001,1.2765
221,Referential,NonGendered,Binary,Parietal,-1.5827499999999999,0.38625,1.9689999999999999
222,NonReferential,Gendered,Binary,Central,1.04925,-2.1822500000000002,-3.2315000000000005
222,NonReferential,Gendered,Binary,CentroParietal,1.49225,-1.4945,-2.98675
222,NonReferential,Gendered,Binary,Frontal,1.69975,-3.1075,-4.80725
222,NonReferential,Gendered,Binary,FrontoCentral,1.44175,-2.879,-4.32075
222,NonReferential,Gendered,Binary,Parietal,1.1095000000000002,-0.5365,-1.6460000000000001
222,NonReferential,NonGendered,Binary,Central,0.469,-1.88175,-2.35075
222,NonReferential,NonGendered,Binary,CentroParietal,0.34450000000000003,-2.553,-2.8975
222,NonReferential,NonGendered,Binary,Frontal,0.9045,-0.27899999999999997,-1.1835
222,NonReferential,NonGendered,Binary,FrontoCentral,0.34750000000000003,-1.06725,-1.4147500000000002
222,NonReferential,NonGendered,Binary,Parietal,0.83,-2.73075,-3.56075
222,Referential,Gendered,Binary,Central,1.054,-0.61975,-1.67375
222,Referential,Gendered,Binary,CentroParietal,0.9570000000000001,-0.382,-1.339
222,Referential,Gendered,Binary,Frontal,2.1145,-0.05825000000000001,-2.17275
222,Referential,Gendered,Binary,FrontoCentral,1.65,-0.16775,-1.81775
222,Referential,Gendered,Binary,Parietal,1.17375,-0.3087500000000001,-1.4825000000000002
222,Referential,NonGendered,Binary,Central,1.3365,-0.079,-1.4155
222,Referential,NonGendered,Binary,CentroParietal,1.51625,0.52925,-0.9870000000000001
222,Referential,NonGendered,Binary,Frontal,1.838,-0.37125,-2.20925
222,Referential,NonGendered,Binary,FrontoCentral,2.16825,-0.437,-2.60525
222,Referential,NonGendered,Binary,Parietal,1.27,0.5995,-0.6705
223,NonReferential,Gendered,Binary,Central,-2.311,-0.48175,1.82925
223,NonReferential,Gendered,Binary,CentroParietal,-2.132,0.23700000000000002,2.369
223,NonReferential,Gendered,Binary,Frontal,-2.1645,-1.43125,0.73325
223,NonReferential,Gendered,Binary,FrontoCentral,-2.3064999999999998,-0.87475,1.4317499999999996
223,NonReferential,Gendered,Binary,Parietal,-1.418,0.22725,1.6452499999999999
223,NonReferential,NonGendered,Binary,Central,0.01999999999999999,0.143,0.123
223,NonReferential,NonGendered,Binary,CentroParietal,-0.29275,0.5665,0.8592500000000001
223,NonReferential,NonGendered,Binary,Frontal,-0.732,0.52225,1.2542499999999999
223,NonReferential,NonGendered,Binary,FrontoCentral,-0.16000000000000003,0.05874999999999999,0.21875000000000003
223,NonReferential,NonGendered,Binary,Parietal,-0.07250000000000001,0.54175,0.61425
223,Referential,Gendered,Binary,Central,-1.1079999999999999,-0.79175,0.3162499999999999
223,Referential,Gendered,Binary,CentroParietal,-1.1039999999999999,-0.98325,0.12074999999999991
223,Referential,Gendered,Binary,Frontal,-1.363,-0.732,0.631
223,Referential,Gendered,Binary,FrontoCentral,-1.43175,-0.51975,0.912
223,Referential,Gendered,Binary,Parietal,-0.9915,-0.76825,0.22325000000000006
223,Referential,NonGendered,Binary,Central,-0.31275,-0.92025,-0.6075
223,Referential,NonGendered,Binary,CentroParietal,-0.30125,-0.89475,-0.5935
223,Referential,NonGendered,Binary,Frontal,0.16100000000000003,-1.6855,-1.8465
223,Referential,NonGendered,Binary,FrontoCentral,-0.15575000000000003,-1.2472500000000002,-1.0915000000000001
223,Referential,NonGendered,Binary,Parietal,0.56975,-1.4949999999999999,-2.06475
224,NonReferential,Gendered,Binary,Central,1.1065,1.95925,0.8527499999999999
224,NonReferential,Gendered,Binary,CentroParietal,1.2530000000000001,2.4765,1.2235
224,NonReferential,Gendered,Binary,Frontal,1.70925,1.67575,-0.03349999999999986
224,NonReferential,Gendered,Binary,FrontoCentral,1.71825,2.17975,0.4614999999999998
224,NonReferential,Gendered,Binary,Parietal,1.33825,2.583,1.2447500000000002
224,NonReferential,NonGendered,Binary,Central,1.68425,1.95825,0.274
224,NonReferential,NonGendered,Binary,CentroParietal,2.09075,1.98625,-0.10449999999999982
224,NonReferential,NonGendered,Binary,Frontal,1.2585,2.62875,1.3702500000000002
224,NonReferential,NonGendered,Binary,FrontoCentral,0.978,2.635,1.6569999999999998
224,NonReferential,NonGendered,Binary,Parietal,2.5715000000000003,1.5987500000000001,-0.9727500000000002
224,Referential,Gendered,Binary,Central,1.2765,6.24325,4.966749999999999
224,Referential,Gendered,Binary,CentroParietal,1.1305,5.38225,4.2517499999999995
224,Referential,Gendered,Binary,Frontal,1.731,6.8605,5.1295
224,Referential,Gendered,Binary,FrontoCentral,1.684,5.7905,4.1065
224,Referential,Gendered,Binary,Parietal,0.84375,4.56425,3.7205000000000004
224,Referential,NonGendered,Binary,Central,1.754,2.9697500000000003,1.2157500000000003
224,Referential,NonGendered,Binary,CentroParietal,1.69825,2.34375,0.6455
224,Referential,NonGendered,Binary,Frontal,2.0025,3.41,1.4075000000000002
224,Referential,NonGendered,Binary,FrontoCentral,2.13675,3.24425,1.1075
224,Referential,NonGendered,Binary,Parietal,1.42675,1.84725,0.4205000000000001
302,NonReferential,Gendered,NonBinary,Central,1.21425,-0.16574999999999998,-1.3800000000000001
302,NonReferential,Gendered,NonBinary,CentroParietal,1.4737500000000001,0.259,-1.21475
302,NonReferential,Gendered,NonBinary,Frontal,0.09600000000000003,-0.6795,-0.7755000000000001
302,NonReferential,Gendered,NonBinary,FrontoCentral,0.89625,-0.5765,-1.47275
302,NonReferential,Gendered,NonBinary,Parietal,1.41675,0.656,-0.7607499999999999
302,NonReferential,NonGendered,NonBinary,Central,-0.38825,-0.16,0.22824999999999998
302,NonReferential,NonGendered,NonBinary,CentroParietal,-0.05750000000000002,0.1235,0.18100000000000002
302,NonReferential,NonGendered,NonBinary,Frontal,-0.50875,-0.971,-0.46224999999999994
302,NonReferential,NonGendered,NonBinary,FrontoCentral,-0.73725,-0.22799999999999998,0.50925
302,NonReferential,NonGendered,NonBinary,Parietal,0.39149999999999996,0.7362500000000001,0.3447500000000001
302,Referential,Gendered,NonBinary,Central,0.40325,-1.03575,-1.439
302,Referential,Gendered,NonBinary,CentroParietal,0.189,-0.32999999999999996,-0.5189999999999999
302,Referential,Gendered,NonBinary,Frontal,0.5277499999999999,-1.6332499999999999,-2.1609999999999996
302,Referential,Gendered,NonBinary,FrontoCentral,0.9355,-1.5595,-2.495
302,Referential,Gendered,NonBinary,Parietal,0.2785,0.37625,0.09774999999999995
302,Referential,NonGendered,NonBinary,Central,0.41225,-1.5265,-1.93875
302,Referential,NonGendered,NonBinary,CentroParietal,0.7045,-1.0005,-1.705
302,Referential,NonGendered,NonBinary,Frontal,-0.07,-1.92875,-1.85875
302,Referential,NonGendered,NonBinary,FrontoCentral,-0.06675,-2.111,-2.0442500000000003
302,Referential,NonGendered,NonBinary,Parietal,0.952,-0.566,-1.5179999999999998
303,NonReferential,Gendered,NonBinary,Central,-0.12025000000000001,2.836,2.95625
303,NonReferential,Gendered,NonBinary,CentroParietal,0.92525,2.43175,1.5065
303,NonReferential,Gendered,NonBinary,Frontal,-1.80125,3.37075,5.172000000000001
303,NonReferential,Gendered,NonBinary,FrontoCentral,-0.7025,3.01,3.7125
303,NonReferential,Gendered,NonBinary,Parietal,1.579,2.169,0.5900000000000001
303,NonReferential,NonGendered,NonBinary,Central,-0.229,0.36024999999999996,0.5892499999999999
303,NonReferential,NonGendered,NonBinary,CentroParietal,-0.027000000000000024,0.396,0.42300000000000004
303,NonReferential,NonGendered,NonBinary,Frontal,-0.5549999999999999,0.535,1.0899999999999999
303,NonReferential,NonGendered,NonBinary,FrontoCentral,-0.6025,0.46799999999999997,1.0705
303,NonReferential,NonGendered,NonBinary,Parietal,-0.18425000000000002,0.21925000000000006,0.4035000000000001
303,Referential,Gendered,NonBinary,Central,-0.39025,-2.4785,-2.08825
303,Referential,Gendered,NonBinary,CentroParietal,-0.06425,-2.16425,-2.1
303,Referential,Gendered,NonBinary,Frontal,-0.67475,-2.773,-2.09825
303,Referential,Gendered,NonBinary,FrontoCentral,-0.30350000000000005,-2.61,-2.3064999999999998
303,Referential,Gendered,NonBinary,Parietal,0.28300000000000003,-1.39225,-1.6752500000000001
303,Referential,NonGendered,NonBinary,Central,1.7140000000000002,0.2735,-1.4405000000000001
303,Referential,NonGendered,NonBinary,CentroParietal,1.518,0.163,-1.355
303,Referential,NonGendered,NonBinary,Frontal,2.03375,-0.10975,-2.1435
303,Referential,NonGendered,NonBinary,FrontoCentral,1.7972499999999998,-0.10625,-1.9034999999999997
303,Referential,NonGendered,NonBinary,Parietal,1.3239999999999998,0.24875,-1.0752499999999998
304,NonReferential,Gendered,NonBinary,Central,-0.9515,0.94775,1.8992499999999999
304,NonReferential,Gendered,NonBinary,CentroParietal,-0.559,0.9472499999999999,1.50625
304,NonReferential,Gendered,NonBinary,Frontal,-0.73375,0.18799999999999997,0.92175
304,NonReferential,Gendered,NonBinary,FrontoCentral,-1.0205,-0.03775,0.98275
304,NonReferential,Gendered,NonBinary,Parietal,-0.30574999999999997,0.8320000000000001,1.13775
304,NonReferential,NonGendered,NonBinary,Central,1.7309999999999999,3.3575,1.6265
304,NonReferential,NonGendered,NonBinary,CentroParietal,1.81975,2.85025,1.0305
304,NonReferential,NonGendered,NonBinary,Frontal,2.01675,4.7045,2.6877500000000003
304,NonReferential,NonGendered,NonBinary,FrontoCentral,2.005,3.8282499999999997,1.8232499999999998
304,NonReferential,NonGendered,NonBinary,Parietal,0.564,2.17125,1.60725
304,Referential,Gendered,NonBinary,Central,2.2735,4.32375,2.0502500000000006
304,Referential,Gendered,NonBinary,CentroParietal,1.86225,3.60725,1.745
304,Referential,Gendered,NonBinary,Frontal,3.34625,5.30475,1.9585000000000004
304,Referential,Gendered,NonBinary,FrontoCentral,2.912,5.42125,2.5092499999999998
304,Referential,Gendered,NonBinary,Parietal,0.985,2.383,1.3980000000000001
304,Referential,NonGendered,NonBinary,Central,0.25275,0.6535,0.40075
304,Referential,NonGendered,NonBinary,CentroParietal,0.14799999999999996,0.38425,0.23625000000000002
304,Referential,NonGendered,NonBinary,Frontal,0.76,1.61775,0.85775
304,Referential,NonGendered,NonBinary,FrontoCentral,-0.19550000000000003,1.19425,1.38975
304,Referential,NonGendered,NonBinary,Parietal,0.8985000000000001,-0.41200000000000003,-1.3105000000000002
305,NonReferential,Gendered,NonBinary,Central,-0.32500000000000007,-1.2725,-0.9474999999999999
305,NonReferential,Gendered,NonBinary,CentroParietal,-0.09599999999999997,-1.2225,-1.1265
305,NonReferential,Gendered,NonBinary,Frontal,-0.24449999999999994,-0.862,-0.6175
305,NonReferential,Gendered,NonBinary,FrontoCentral,-0.5719999999999998,-1.192,-0.6200000000000001
305,NonReferential,Gendered,NonBinary,Parietal,0.5674999999999999,-0.45825,-1.02575
305,NonReferential,NonGendered,NonBinary,Central,0.428,1.555,1.127
305,NonReferential,NonGendered,NonBinary,CentroParietal,0.5615,1.9115,1.35
305,NonReferential,NonGendered,NonBinary,Frontal,1.337,2.5244999999999997,1.1874999999999998
305,NonReferential,NonGendered,NonBinary,FrontoCentral,0.8475,2.0665,1.2189999999999999
305,NonReferential,NonGendered,NonBinary,Parietal,1.1955,1.9889999999999999,0.7934999999999999
305,Referential,Gendered,NonBinary,Central,1.151,1.3707500000000001,0.2197500000000001
305,Referential,Gendered,NonBinary,CentroParietal,0.919,0.9297500000000001,0.010750000000000037
305,Referential,Gendered,NonBinary,Frontal,1.4515,3.4090000000000003,1.9575000000000002
305,Referential,Gendered,NonBinary,FrontoCentral,1.133,2.0157499999999997,0.8827499999999997
305,Referential,Gendered,NonBinary,Parietal,0.88625,0.9510000000000001,0.06475000000000009
305,Referential,NonGendered,NonBinary,Central,0.119,-0.47650000000000003,-0.5955
305,Referential,NonGendered,NonBinary,CentroParietal,0.14600000000000002,-0.59275,-0.73875
305,Referential,NonGendered,NonBinary,Frontal,0.7465,1.0945,0.348
305,Referential,NonGendered,NonBinary,FrontoCentral,0.2855,-0.29875,-0.5842499999999999
305,Referential,NonGendered,NonBinary,Parietal,0.56575,-0.698,-1.26375
306,NonReferential,Gendered,NonBinary,Central,0.27949999999999997,-0.38625,-0.66575
306,NonReferential,Gendered,NonBinary,CentroParietal,0.3945,-0.1765,-0.571
306,NonReferential,Gendered,NonBinary,Frontal,-0.65775,0.13825,0.7959999999999999
306,NonReferential,Gendered,NonBinary,FrontoCentral,-0.15850000000000003,-0.11399999999999999,0.04450000000000004
306,NonReferential,Gendered,NonBinary,Parietal,0.30825,0.736,0.42774999999999996
306,NonReferential,NonGendered,NonBinary,Central,0.20299999999999985,1.07925,0.8762500000000002
306,NonReferential,NonGendered,NonBinary,CentroParietal,0.2782499999999999,0.9397500000000001,0.6615000000000002
306,NonReferential,NonGendered,NonBinary,Frontal,-0.7057500000000001,1.0075,1.7132500000000002
306,NonReferential,NonGendered,NonBinary,FrontoCentral,-0.5250000000000001,1.04775,1.57275
306,NonReferential,NonGendered,NonBinary,Parietal,0.012499999999999845,0.338,0.3255000000000002
306,Referential,Gendered,NonBinary,Central,0.79825,0.87725,0.07899999999999996
306,Referential,Gendered,NonBinary,CentroParietal,0.46475,-0.4275000000000001,-0.8922500000000001
306,Referential,Gendered,NonBinary,Frontal,0.24625,2.85625,2.6100000000000003
306,Referential,Gendered,NonBinary,FrontoCentral,0.47625,2.11275,1.6365
306,Referential,Gendered,NonBinary,Parietal,0.57475,-1.7137499999999999,-2.2885
306,Referential,NonGendered,NonBinary,Central,3.422,-0.5695,-3.9915000000000003
306,Referential,NonGendered,NonBinary,CentroParietal,3.2190000000000003,-0.5175000000000001,-3.7365000000000004
306,Referential,NonGendered,NonBinary,Frontal,5.004,-0.34874999999999995,-5.3527499999999995
306,Referential,NonGendered,NonBinary,FrontoCentral,3.66725,-0.29900000000000004,-3.96625
306,Referential,NonGendered,NonBinary,Parietal,2.88675,-0.69375,-3.5805000000000002
307,NonReferential,Gendered,NonBinary,Central,1.95675,-1.3895000000000002,-3.3462500000000004
307,NonReferential,Gendered,NonBinary,CentroParietal,2.073,-1.07525,-3.14825
307,NonReferential,Gendered,NonBinary,Frontal,1.8075,-2.2315,-4.039
307,NonReferential,Gendered,NonBinary,FrontoCentral,1.7285,-1.828,-3.5564999999999998
307,NonReferential,Gendered,NonBinary,Parietal,1.6675,-0.1855,-1.853
307,NonReferential,NonGendered,NonBinary,Central,2.19325,1.8754999999999997,-0.3177500000000002
307,NonReferential,NonGendered,NonBinary,CentroParietal,2.82275,1.755,-1.0677500000000002
307,NonReferential,NonGendered,NonBinary,Frontal,0.40025,1.653,1.25275
307,NonReferential,NonGendered,NonBinary,FrontoCentral,1.0885,1.5945,0.506
307,NonReferential,NonGendered,NonBinary,Parietal,3.4552500000000004,1.2365,-2.2187500000000004
307,Referential,Gendered,NonBinary,Central,-1.3090000000000002,0.14725000000000002,1.4562500000000003
307,Referential,Gendered,NonBinary,CentroParietal,-1.389,-0.34400000000000003,1.045
307,Referential,Gendered,NonBinary,Frontal,-0.027250000000000024,0.847,0.87425
307,Referential,Gendered,NonBinary,FrontoCentral,-0.816,0.2985,1.1145
307,Referential,Gendered,NonBinary,Parietal,-1.46325,-0.48075,0.9824999999999999
307,Referential,NonGendered,NonBinary,Central,-0.03600000000000002,1.604,1.6400000000000001
307,Referential,NonGendered,NonBinary,CentroParietal,-0.10450000000000001,1.2985,1.403
307,Referential,NonGendered,NonBinary,Frontal,1.79725,0.8125,-0.98475
307,Referential,NonGendered,NonBinary,FrontoCentral,0.5275,1.322,0.7945000000000001
307,Referential,NonGendered,NonBinary,Parietal,-0.5575,1.3827500000000001,1.9402500000000003
308,NonReferential,Gendered,NonBinary,Central,0.6719999999999999,0.16449999999999998,-0.5075
308,NonReferential,Gendered,NonBinary,CentroParietal,0.6990000000000001,-0.035,-0.7340000000000001
308,NonReferential,Gendered,NonBinary,Frontal,1.4935,0.09424999999999994,-1.39925
308,NonReferential,Gendered,NonBinary,FrontoCentral,0.902,0.22050000000000003,-0.6815
308,NonReferential,Gendered,NonBinary,Parietal,0.26599999999999996,-0.7867500000000001,-1.05275
308,NonReferential,NonGendered,NonBinary,Central,0.7055,-0.7115,-1.417
308,NonReferential,NonGendered,NonBinary,CentroParietal,0.48449999999999993,-0.7375,-1.222
308,NonReferential,NonGendered,NonBinary,Frontal,3.068,-0.97075,-4.03875
308,NonReferential,NonGendered,NonBinary,FrontoCentral,1.9594999999999998,-0.7362500000000001,-2.69575
308,NonReferential,NonGendered,NonBinary,Parietal,0.48525,-0.62075,-1.106
308,Referential,Gendered,NonBinary,Central,-0.5625,-0.5267499999999999,0.03575000000000006
308,Referential,Gendered,NonBinary,CentroParietal,0.17250000000000001,-1.0035,-1.1760000000000002
308,Referential,Gendered,NonBinary,Frontal,-1.2675,-0.662,0.6055
308,Referential,Gendered,NonBinary,FrontoCentral,-0.9512499999999999,-0.5785,0.3727499999999999
308,Referential,Gendered,NonBinary,Parietal,0.29524999999999996,-0.89575,-1.191
308,Referential,NonGendered,NonBinary,Central,0.59275,1.6612500000000001,1.0685000000000002
308,Referential,NonGendered,NonBinary,CentroParietal,0.13849999999999998,1.56375,1.42525
308,Referential,NonGendered,NonBinary,Frontal,0.8115,1.5995000000000001,0.7880000000000001
308,Referential,NonGendered,NonBinary,FrontoCentral,0.924,1.5725,0.6485
308,Referential,NonGendered,NonBinary,Parietal,-0.27525,1.2565,1.53175
311,NonReferential,Gendered,NonBinary,Central,0.7005,4.4247499999999995,3.7242499999999996
311,NonReferential,Gendered,NonBinary,CentroParietal,1.14275,4.44675,3.304
311,NonReferential,Gendered,NonBinary,Frontal,-0.26825,4.23575,4.5040000000000004
311,NonReferential,Gendered,NonBinary,FrontoCentral,0.1195,4.1405,4.021
311,NonReferential,Gendered,NonBinary,Parietal,1.3527500000000001,4.21825,2.8655
311,NonReferential,NonGendered,NonBinary,Central,1.10025,3.4642500000000003,2.3640000000000003
311,NonReferential,NonGendered,NonBinary,CentroParietal,1.051,3.7152499999999997,2.66425
311,NonReferential,NonGendered,NonBinary,Frontal,1.0602500000000001,3.86425,2.8040000000000003
311,NonReferential,NonGendered,NonBinary,FrontoCentral,0.8382499999999999,3.37425,2.536
311,NonReferential,NonGendered,NonBinary,Parietal,0.772,3.73825,2.9662499999999996
311,Referential,Gendered,NonBinary,Central,-0.31375000000000003,1.0090000000000001,1.32275
311,Referential,Gendered,NonBinary,CentroParietal,0.4625,1.96525,1.5027499999999998
311,Referential,Gendered,NonBinary,Frontal,-2.26475,-0.3605,1.9042499999999998
311,Referential,Gendered,NonBinary,FrontoCentral,-1.50225,-0.02749999999999997,1.4747500000000002
311,Referential,Gendered,NonBinary,Parietal,0.96475,2.46325,1.4985
311,Referential,NonGendered,NonBinary,Central,0.16699999999999998,1.73475,1.56775
311,Referential,NonGendered,NonBinary,CentroParietal,0.15725,2.5635,2.40625
311,Referential,NonGendered,NonBinary,Frontal,1.56175,-1.14875,-2.7104999999999997
311,Referential,NonGendered,NonBinary,FrontoCentral,0.48625,0.125,-0.36125
311,Referential,NonGendered,NonBinary,Parietal,0.22699999999999995,3.0455,2.8185000000000002
312,NonReferential,Gendered,NonBinary,Central,0.5509999999999999,-0.6487499999999999,-1.1997499999999999
312,NonReferential,Gendered,NonBinary,CentroParietal,0.94425,-0.579,-1.52325
312,NonReferential,Gendered,NonBinary,Frontal,0.27875,-1.36675,-1.6455
312,NonReferential,Gendered,NonBinary,FrontoCentral,0.41700000000000004,-1.2,-1.617
312,NonReferential,Gendered,NonBinary,Parietal,1.3015,-0.43100000000000005,-1.7325000000000002
312,NonReferential,NonGendered,NonBinary,Central,2.156,-0.79525,-2.95125
312,NonReferential,NonGendered,NonBinary,CentroParietal,2.6515,0.26149999999999995,-2.39
312,NonReferential,NonGendered,NonBinary,Frontal,1.75975,-1.5885,-3.34825
312,NonReferential,NonGendered,NonBinary,FrontoCentral,1.871,-1.435,-3.306
312,NonReferential,NonGendered,NonBinary,Parietal,3.28475,0.8925000000000001,-2.3922499999999998
312,Referential,Gendered,NonBinary,Central,-1.437,1.01975,2.45675
312,Referential,Gendered,NonBinary,CentroParietal,-0.55875,0.13374999999999992,0.6924999999999999
312,Referential,Gendered,NonBinary,Frontal,-1.4395,2.862,4.3015
312,Referential,Gendered,NonBinary,FrontoCentral,-1.6280000000000001,1.8942499999999998,3.5222499999999997
312,Referential,Gendered,NonBinary,Parietal,0.59975,-0.15474999999999994,-0.7545
312,Referential,NonGendered,NonBinary,Central,1.28575,3.92025,2.6345
312,Referential,NonGendered,NonBinary,CentroParietal,1.6615000000000002,3.84525,2.18375
312,Referential,NonGendered,NonBinary,Frontal,0.34049999999999997,3.8657500000000002,3.52525
312,Referential,NonGendered,NonBinary,FrontoCentral,1.1420000000000001,3.865,2.723
312,Referential,NonGendered,NonBinary,Parietal,1.75175,3.47725,1.7255000000000003
313,NonReferential,Gendered,NonBinary,Central,1.07525,2.54425,1.4689999999999999
313,NonReferential,Gendered,NonBinary,CentroParietal,1.11425,2.0725,0.9582499999999998
313,NonReferential,Gendered,NonBinary,Frontal,-0.40075,2.96575,3.3665
313,NonReferential,Gendered,NonBinary,FrontoCentral,0.36424999999999996,2.84375,2.4795
313,NonReferential,Gendered,NonBinary,Parietal,1.08425,1.57425,0.49
313,NonReferential,NonGendered,NonBinary,Central,0.37925,0.1595,-0.21974999999999997
313,NonReferential,NonGendered,NonBinary,CentroParietal,0.13800000000000004,0.29300000000000004,0.155
313,NonReferential,NonGendered,NonBinary,Frontal,0.819,-1.58675,-2.4057500000000003
313,NonReferential,NonGendered,NonBinary,FrontoCentral,0.51625,-0.84275,-1.359
313,NonReferential,NonGendered,NonBinary,Parietal,-0.212,0.020500000000000004,0.23249999999999998
313,Referential,Gendered,NonBinary,Central,0.624,3.36875,2.74475
313,Referential,Gendered,NonBinary,CentroParietal,0.4155,3.0932500000000003,2.6777500000000005
313,Referential,Gendered,NonBinary,Frontal,1.05,3.007,1.957
313,Referential,Gendered,NonBinary,FrontoCentral,0.8435,3.58525,2.7417499999999997
313,Referential,Gendered,NonBinary,Parietal,0.12475,2.575,2.45025
313,Referential,NonGendered,NonBinary,Central,3.1715,1.0215,-2.15
313,Referential,NonGendered,NonBinary,CentroParietal,2.7975,1.08,-1.7174999999999998
313,Referential,NonGendered,NonBinary,Frontal,2.7800000000000002,0.03850000000000009,-2.7415000000000003
313,Referential,NonGendered,NonBinary,FrontoCentral,3.199,0.7645000000000001,-2.4345
313,Referential,NonGendered,NonBinary,Parietal,2.5735,1.29725,-1.27625
315,NonReferential,Gendered,NonBinary,Central,2.535,0.06350000000000001,-2.4715000000000003
315,NonReferential,Gendered,NonBinary,CentroParietal,2.51025,0.19824999999999998,-2.3120000000000003
315,NonReferential,Gendered,NonBinary,Frontal,2.725,0.801,-1.924
315,NonReferential,Gendered,NonBinary,FrontoCentral,2.4935,0.32499999999999996,-2.1685
315,NonReferential,Gendered,NonBinary,Parietal,2.14775,0.21974999999999997,-1.928
315,NonReferential,NonGendered,NonBinary,Central,0.2940000000000001,2.70375,2.40975
315,NonReferential,NonGendered,NonBinary,CentroParietal,0.5345,2.7545,2.22
315,NonReferential,NonGendered,NonBinary,Frontal,0.5315,3.05375,2.52225
315,NonReferential,NonGendered,NonBinary,FrontoCentral,0.36000000000000004,2.9275,2.5675000000000003
315,NonReferential,NonGendered,NonBinary,Parietal,0.6705000000000001,2.8722499999999997,2.2017499999999997
315,Referential,Gendered,NonBinary,Central,-0.6055,2.22975,2.8352500000000003
315,Referential,Gendered,NonBinary,CentroParietal,-0.36875,2.3935,2.76225
315,Referential,Gendered,NonBinary,Frontal,-1.752,1.86275,3.61475
315,Referential,Gendered,NonBinary,FrontoCentral,-1.34625,1.8247499999999999,3.171
315,Referential,Gendered,NonBinary,Parietal,0.033,2.8455,2.8125
315,Referential,NonGendered,NonBinary,Central,1.4657499999999999,-0.255,-1.7207499999999998
315,Referential,NonGendered,NonBinary,CentroParietal,1.1795,-0.15175000000000002,-1.33125
315,Referential,NonGendered,NonBinary,Frontal,2.01775,0.07924999999999999,-1.9385
315,Referential,NonGendered,NonBinary,FrontoCentral,1.6235000000000002,-0.379,-2.0025000000000004
315,Referential,NonGendered,NonBinary,Parietal,1.32175,0.28825,-1.0335
318,NonReferential,Gendered,NonBinary,Central,2.11425,1.0182499999999999,-1.0960000000000003
318,NonReferential,Gendered,NonBinary,CentroParietal,2.81175,0.78075,-2.0309999999999997
318,NonReferential,Gendered,NonBinary,Frontal,0.57425,0.654,0.07974999999999999
318,NonReferential,Gendered,NonBinary,FrontoCentral,1.19325,0.734,-0.45924999999999994
318,NonReferential,Gendered,NonBinary,Parietal,3.003,0.54375,-2.45925
318,NonReferential,NonGendered,NonBinary,Central,-0.881,0.18350000000000005,1.0645
318,NonReferential,NonGendered,NonBinary,CentroParietal,-1.146,0.05675000000000001,1.20275
318,NonReferential,NonGendered,NonBinary,Frontal,-0.008000000000000005,0.3952500000000001,0.4032500000000001
318,NonReferential,NonGendered,NonBinary,FrontoCentral,-0.6175,0.42874999999999996,1.0462500000000001
318,NonReferential,NonGendered,NonBinary,Parietal,-1.42575,0.375,1.80075
318,Referential,Gendered,NonBinary,Central,1.41375,0.006250000000000089,-1.4075
318,Referential,Gendered,NonBinary,CentroParietal,1.722,0.48050000000000004,-1.2414999999999998
318,Referential,Gendered,NonBinary,Frontal,1.98625,0.5589999999999999,-1.4272500000000001
318,Referential,Gendered,NonBinary,FrontoCentral,1.5145,0.09399999999999996,-1.4205
318,Referential,Gendered,NonBinary,Parietal,1.70025,0.42875,-1.2715
318,Referential,NonGendered,NonBinary,Central,-0.27749999999999997,-0.0745,0.20299999999999996
318,Referential,NonGendered,NonBinary,CentroParietal,-0.8215,-0.083,0.7385
318,Referential,NonGendered,NonBinary,Frontal,-0.017249999999999932,0.35950000000000004,0.37675
318,Referential,NonGendered,NonBinary,FrontoCentral,-0.04449999999999987,0.09300000000000001,0.1374999999999999
318,Referential,NonGendered,NonBinary,Parietal,-1.2935,0.011249999999999968,1.30475
319,NonReferential,Gendered,NonBinary,Central,2.1485000000000003,2.07075,-0.07775000000000043
319,NonReferential,Gendered,NonBinary,CentroParietal,2.7535,2.0845,-0.669
319,NonReferential,Gendered,NonBinary,Frontal,0.522,2.30125,1.77925
319,NonReferential,Gendered,NonBinary,FrontoCentral,0.95925,1.8835,0.9242499999999999
319,NonReferential,Gendered,NonBinary,Parietal,3.216,2.23175,-0.9842500000000003
319,NonReferential,NonGendered,NonBinary,Central,1.2045000000000001,-0.004750000000000004,-1.2092500000000002
319,NonReferential,NonGendered,NonBinary,CentroParietal,1.1332499999999999,0.6,-0.5332499999999999
319,NonReferential,NonGendered,NonBinary,Frontal,0.489,-0.72975,-1.21875
319,NonReferential,NonGendered,NonBinary,FrontoCentral,0.91925,-0.66925,-1.5885
319,NonReferential,NonGendered,NonBinary,Parietal,1.1912500000000001,0.8515,-0.3397500000000001
319,Referential,Gendered,NonBinary,Central,1.68775,-0.7849999999999999,-2.47275
319,Referential,Gendered,NonBinary,CentroParietal,1.6164999999999998,-0.8022500000000001,-2.41875
319,Referential,Gendered,NonBinary,Frontal,1.72525,-0.928,-2.65325
319,Referential,Gendered,NonBinary,FrontoCentral,1.40225,-1.6465,-3.04875
319,Referential,Gendered,NonBinary,Parietal,1.424,-0.6757500000000001,-2.0997500000000002
319,Referential,NonGendered,NonBinary,Central,-0.9782500000000001,1.9849999999999999,2.96325
319,Referential,NonGendered,NonBinary,CentroParietal,-1.218,2.472,3.69
319,Referential,NonGendered,NonBinary,Frontal,-0.82575,0.85,1.6757499999999999
319,Referential,NonGendered,NonBinary,FrontoCentral,-0.7065,0.759,1.4655
319,Referential,NonGendered,NonBinary,Parietal,-1.334,2.53425,3.86825
320,NonReferential,Gendered,NonBinary,Central,-1.9837500000000001,1.70075,3.6845
320,NonReferential,Gendered,NonBinary,CentroParietal,-2.3685,1.66725,4.03575
320,NonReferential,Gendered,NonBinary,Frontal,-1.649,1.0975,2.7465
320,NonReferential,Gendered,NonBinary,FrontoCentral,-1.638,1.4609999999999999,3.0989999999999998
320,NonReferential,Gendered,NonBinary,Parietal,-2.462,1.9282499999999998,4.39025
320,NonReferential,NonGendered,NonBinary,Central,0.516,0.1305,-0.3855
320,NonReferential,NonGendered,NonBinary,CentroParietal,0.36574999999999996,0.38675000000000004,0.021000000000000074
320,NonReferential,NonGendered,NonBinary,Frontal,0.581,0.376,-0.20499999999999996
320,NonReferential,NonGendered,NonBinary,FrontoCentral,0.29500000000000004,0.09925000000000003,-0.19575
320,NonReferential,NonGendered,NonBinary,Parietal,0.008500000000000004,0.99825,0.98975
320,Referential,Gendered,NonBinary,Central,-1.3832499999999999,-1.12925,0.2539999999999998
320,Referential,Gendered,NonBinary,CentroParietal,-1.11425,-0.782,0.33224999999999993
320,Referential,Gendered,NonBinary,Frontal,-2.8225000000000002,-1.0465,1.7760000000000002
320,Referential,Gendered,NonBinary,FrontoCentral,-2.1075,-1.4435,0.6639999999999999
320,Referential,Gendered,NonBinary,Parietal,-0.337,0.39475,0.73175
320,Referential,NonGendered,NonBinary,Central,-2.011,2.00425,4.01525
320,Referential,NonGendered,NonBinary,CentroParietal,-1.1265,1.805,2.9314999999999998
320,Referential,NonGendered,NonBinary,Frontal,-2.5252499999999998,2.73525,5.2605
320,Referential,NonGendered,NonBinary,FrontoCentral,-2.1625,2.2375,4.4
320,Referential,NonGendered,NonBinary,Parietal,-0.6465,2.10675,2.75325
401,NonReferential,Gendered,NonBinary,Central,0.30050000000000004,-0.78525,-1.08575
401,NonReferential,Gendered,NonBinary,CentroParietal,0.33925,-0.32475000000000004,-0.664
401,NonReferential,Gendered,NonBinary,Frontal,0.76,-1.17625,-1.93625
401,NonReferential,Gendered,NonBinary,FrontoCentral,0.78875,-1.22375,-2.0124999999999997
401,NonReferential,Gendered,NonBinary,Parietal,0.36499999999999994,-0.08725,-0.45224999999999993
401,NonReferential,NonGendered,NonBinary,Central,-0.681,-1.2474999999999998,-0.5664999999999998
401,NonReferential,NonGendered,NonBinary,CentroParietal,-0.164,-1.20725,-1.04325
401,NonReferential,NonGendered,NonBinary,Frontal,-1.6569999999999998,-0.9877499999999999,0.6692499999999999
401,NonReferential,NonGendered,NonBinary,FrontoCentral,-1.1024999999999998,-0.883,0.2194999999999998
401,NonReferential,NonGendered,NonBinary,Parietal,0.5680000000000001,-0.195,-0.7630000000000001
401,Referential,Gendered,NonBinary,Central,-0.75775,1.59725,2.355
401,Referential,Gendered,NonBinary,CentroParietal,-1.40875,1.8015,3.2102500000000003
401,Referential,Gendered,NonBinary,Frontal,-1.45475,1.8250000000000002,3.27975
401,Referential,Gendered,NonBinary,FrontoCentral,-1.0675000000000001,1.58325,2.6507500000000004
401,Referential,Gendered,NonBinary,Parietal,-1.54925,1.93675,3.4859999999999998
401,Referential,NonGendered,NonBinary,Central,-0.36449999999999994,0.683,1.0474999999999999
401,Referential,NonGendered,NonBinary,CentroParietal,-0.2715,0.5755,0.847
401,Referential,NonGendered,NonBinary,Frontal,0.12,0.07750000000000007,-0.04249999999999993
401,Referential,NonGendered,NonBinary,FrontoCentral,-0.4375,0.597,1.0345
401,Referential,NonGendered,NonBinary,Parietal,0.07200000000000001,0.72675,0.6547499999999999
402,NonReferential,Gendered,NonBinary,Central,1.1025,-1.7389999999999999,-2.8415
402,NonReferential,Gendered,NonBinary,CentroParietal,1.65475,-1.5485,-3.2032499999999997
402,NonReferential,Gendered,NonBinary,Frontal,0.47800000000000004,-2.70175,-3.1797500000000003
402,NonReferential,Gendered,NonBinary,FrontoCentral,0.65625,-2.2275,-2.88375
402,NonReferential,Gendered,NonBinary,Parietal,1.77,-1.02675,-2.7967500000000003
402,NonReferential,NonGendered,NonBinary,Central,-0.81775,1.3175000000000001,2.13525
402,NonReferential,NonGendered,NonBinary,CentroParietal,-0.6022500000000001,1.28475,1.887
402,NonReferential,NonGendered,NonBinary,Frontal,-1.5665,-0.14049999999999999,1.426
402,NonReferential,NonGendered,NonBinary,FrontoCentral,-1.0912499999999998,0.5865,1.6777499999999999
402,NonReferential,NonGendered,NonBinary,Parietal,-0.35475,1.0542500000000001,1.4090000000000003
402,Referential,Gendered,NonBinary,Central,1.554,0.89,-0.664
402,Referential,Gendered,NonBinary,CentroParietal,2.03775,1.08075,-0.9569999999999999
402,Referential,Gendered,NonBinary,Frontal,1.05875,-0.5505,-1.60925
402,Referential,Gendered,NonBinary,FrontoCentral,1.137,0.27949999999999997,-0.8575
402,Referential,Gendered,NonBinary,Parietal,2.2605,1.72325,-0.53725
402,Referential,NonGendered,NonBinary,Central,0.41075,1.61375,1.203
402,Referential,NonGendered,NonBinary,CentroParietal,1.2895,1.5595,0.27
402,Referential,NonGendered,NonBinary,Frontal,-1.3595000000000002,1.35825,2.71775
402,Referential,NonGendered,NonBinary,FrontoCentral,-0.48074999999999996,1.591,2.0717499999999998
402,Referential,NonGendered,NonBinary,Parietal,1.4905,0.8315,-0.6589999999999999
403,NonReferential,Gendered,NonBinary,Central,1.22425,1.47575,0.25149999999999983
403,NonReferential,Gendered,NonBinary,CentroParietal,1.55475,1.39475,-0.16000000000000014
403,NonReferential,Gendered,NonBinary,Frontal,0.608,1.1637499999999998,0.5557499999999999
403,NonReferential,Gendered,NonBinary,FrontoCentral,0.8992500000000001,1.102,0.20274999999999999
403,NonReferential,Gendered,NonBinary,Parietal,1.48625,1.4,-0.08625000000000016
403,NonReferential,NonGendered,NonBinary,Central,-0.07325000000000002,1.895,1.96825
403,NonReferential,NonGendered,NonBinary,CentroParietal,0.389,2.25025,1.8612499999999998
403,NonReferential,NonGendered,NonBinary,Frontal,-0.27999999999999997,2.3845,2.6645
403,NonReferential,NonGendered,NonBinary,FrontoCentral,-0.118,1.9015,2.0195
403,NonReferential,NonGendered,NonBinary,Parietal,1.23475,2.1927499999999998,0.9579999999999997
403,Referential,Gendered,NonBinary,Central,-0.6214999999999999,0.6752500000000001,1.29675
403,Referential,Gendered,NonBinary,CentroParietal,0.19999999999999998,1.2974999999999999,1.0975
403,Referential,Gendered,NonBinary,Frontal,-1.232,0.08150000000000002,1.3135
403,Referential,Gendered,NonBinary,FrontoCentral,-0.96375,0.08774999999999994,1.0514999999999999
403,Referential,Gendered,NonBinary,Parietal,0.89325,2.0085,1.11525
403,Referential,NonGendered,NonBinary,Central,3.66675,2.22175,-1.4449999999999998
403,Referential,NonGendered,NonBinary,CentroParietal,3.578,2.5985,-0.9794999999999998
403,Referential,NonGendered,NonBinary,Frontal,3.42925,1.049,-2.38025
403,Referential,NonGendered,NonBinary,FrontoCentral,3.44875,1.49525,-1.9535
403,Referential,NonGendered,NonBinary,Parietal,3.04075,2.24975,-0.7909999999999999
404,NonReferential,Gendered,NonBinary,Central,-0.645,1.111,1.756
404,NonReferential,Gendered,NonBinary,CentroParietal,-1.06425,0.8494999999999999,1.9137499999999998
404,NonReferential,Gendered,NonBinary,Frontal,0.019250000000000045,2.06325,2.044
404,NonReferential,Gendered,NonBinary,FrontoCentral,-0.37274999999999997,2.1245,2.4972499999999997
404,NonReferential,Gendered,NonBinary,Parietal,-1.2545,0.5157499999999999,1.7702499999999999
404,NonReferential,NonGendered,NonBinary,Central,0.1815,0.4600000000000001,0.2785000000000001
404,NonReferential,NonGendered,NonBinary,CentroParietal,0.665,0.669,0.0040000000000000036
404,NonReferential,NonGendered,NonBinary,Frontal,-0.13675,0.9922500000000001,1.129
404,NonReferential,NonGendered,NonBinary,FrontoCentral,-0.37675000000000003,0.52275,0.8995000000000001
404,NonReferential,NonGendered,NonBinary,Parietal,1.194,0.69875,-0.49524999999999997
404,Referential,Gendered,NonBinary,Central,1.715,2.4825,0.7674999999999998
404,Referential,Gendered,NonBinary,CentroParietal,1.4395,3.0317499999999997,1.5922499999999997
404,Referential,Gendered,NonBinary,Frontal,2.4605,2.1675,-0.29300000000000015
404,Referential,Gendered,NonBinary,FrontoCentral,2.09725,2.07875,-0.01849999999999996
404,Referential,Gendered,NonBinary,Parietal,0.98525,3.0725,2.08725
404,Referential,NonGendered,NonBinary,Central,2.1195,0.05774999999999997,-2.06175
404,Referential,NonGendered,NonBinary,CentroParietal,1.9115,0.04975,-1.86175
404,Referential,NonGendered,NonBinary,Frontal,3.221,0.9884999999999999,-2.2325
404,Referential,NonGendered,NonBinary,FrontoCentral,2.58325,0.5327500000000001,-2.0505
404,Referential,NonGendered,NonBinary,Parietal,1.92475,-0.23249999999999998,-2.15725
